City_ID,City,Lat,Lng,Max Temp,Humidity,Cloudiness,Wind Speed,Country,Date
0,butaritari,3.0707,172.7902,27.100000000000023,79,67,9.01,KI,1675161449
1,cuamba,-14.8031,36.5372,27.450000000000045,74,54,2.25,MZ,1675161449
2,mount isa,-20.7333,139.5,23.870000000000005,100,40,2.57,AU,1675161450
3,airai,-8.9266,125.4092,17.120000000000005,97,100,0.82,TL,1675161450
4,cape town,-33.9258,18.4232,30.620000000000005,37,0,3.6,ZA,1675161382
5,chuy,-33.6971,-53.4616,23.100000000000023,79,0,2.3,UY,1675161451
6,olafsvik,64.8945,-23.7142,-0.6499999999999773,74,100,16.6,IS,1675161451
7,new norfolk,-42.7826,147.0587,17.730000000000018,88,24,1.23,AU,1675161452
8,cherskiy,68.75,161.3,-18.909999999999968,100,21,1.78,RU,1675161452
9,namibe,-15.1961,12.1522,22.310000000000002,80,100,2.28,AO,1675161452
10,hobyo,5.3505,48.5268,26.950000000000045,60,36,8.77,SO,1675161453
11,astoria,46.1879,-123.8313,0.4800000000000182,84,0,1.54,US,1675161453
12,ilulissat,69.2167,-51.1,-10.989999999999952,62,100,5.14,GL,1675161453
13,saint-philippe,-21.3585,55.7679,30.77000000000004,80,96,3.76,RE,1675161454
14,puerto cabezas,14.0351,-83.3888,23.600000000000023,89,89,3.96,NI,1675161454
15,mataura,-46.1927,168.8643,16.57000000000005,99,100,0.69,NZ,1675161455
16,ushuaia,-54.8,-68.3,7.810000000000002,71,20,2.57,AR,1675161456
17,contai,21.7786,87.7536,27.950000000000045,27,60,1.32,IN,1675161456
18,punta arenas,-53.15,-70.9167,9.060000000000002,71,0,7.2,CL,1675161456
19,port blair,11.6667,92.75,28.02000000000004,74,75,3.09,IN,1675161457
20,gao,16.6362,1.637,25.78000000000003,5,100,5.65,ML,1675161457
21,victoria,22.2855,114.1577,19.100000000000023,60,100,5.36,HK,1675161302
22,alofi,-19.0595,-169.9187,23.939999999999998,100,100,4.12,NU,1675161458
23,dangtu,31.5723,118.4928,11.03000000000003,38,6,1.4,CN,1675161459
24,roald,62.5833,6.1333,1.8500000000000227,86,100,6.17,NO,1675161459
25,bengkulu,-3.8004,102.2655,26.610000000000014,86,100,2.81,ID,1675161040
26,meulaboh,4.1363,96.1285,26.379999999999995,84,85,2.07,ID,1675161460
27,west bay,19.3667,-81.4167,25.0,85,6,0.89,KY,1675161460
28,maceio,-9.6658,-35.7353,23.689999999999998,100,100,4.12,BR,1675161461
29,mar del plata,-38.0023,-57.5575,23.79000000000002,98,40,1.79,AR,1675161461
30,vaini,-21.2,-175.2,27.090000000000032,89,40,3.09,TO,1675161462
31,avarua,-21.2078,-159.775,25.03000000000003,88,75,5.14,CK,1675161462
32,saldanha,-33.0117,17.9442,30.03000000000003,60,8,4.41,ZA,1675161463
33,dikson,73.5069,80.5464,-19.039999999999964,96,100,3.5,RU,1675161463
34,mamallapuram,12.6264,80.1722,29.03000000000003,72,100,8.1,IN,1675161464
35,karlskrona,56.1616,15.5866,2.25,79,85,7.41,SE,1675161464
36,busselton,-33.65,115.3333,22.27000000000004,55,36,9.91,AU,1675161465
37,broken hill,-31.95,141.4333,26.470000000000027,33,0,2.7,AU,1675161465
38,deputatskiy,69.3,139.9,-25.69999999999999,99,100,2.61,RU,1675161465
39,severo-kurilsk,50.6789,156.125,-5.069999999999993,62,93,4.63,RU,1675161466
40,saskylakh,71.9167,114.0833,-43.099999999999966,100,85,1.42,RU,1675161466
41,codrington,-38.2667,141.9667,15.010000000000048,74,2,2.95,AU,1675161467
42,aranos,-24.1333,19.1167,31.58000000000004,29,80,3.39,NA,1675161467
43,rikitea,-23.1203,-134.9692,25.700000000000045,74,27,4.7,PF,1675161467
44,hobart,-42.8794,147.3294,17.920000000000016,76,75,6.69,AU,1675161419
45,nizhneudinsk,54.9076,99.0276,-17.089999999999975,96,16,1.44,RU,1675161468
46,jamestown,42.097,-79.2353,-7.229999999999961,93,100,5.14,US,1675161468
47,albany,42.6001,-73.9662,-1.3100000000000023,83,79,3.42,US,1675161469
48,taoudenni,22.6783,-3.9836,18.840000000000032,12,10,7.6,ML,1675161469
49,zhezkazgan,47.8043,67.7144,-8.009999999999991,67,0,3.0,KZ,1675161470
50,zelenets,61.8849,50.7489,-3.099999999999966,91,100,5.49,RU,1675161470
51,tuktoyaktuk,69.4541,-133.0374,-30.71999999999997,100,48,2.1,CA,1675161471
52,karratha,-20.7377,116.8463,31.29000000000002,59,32,5.92,AU,1675161471
53,tasiilaq,65.6145,-37.6368,-8.909999999999968,89,100,1.3,GL,1675161471
54,port alfred,-33.5906,26.891,23.430000000000007,84,47,4.02,ZA,1675161472
55,vao,-22.6667,167.4833,24.920000000000016,75,22,4.73,NC,1675161472
56,hermanus,-34.4187,19.2345,29.33000000000004,52,0,4.96,ZA,1675161473
57,yellowknife,62.456,-114.3525,-36.359999999999985,74,0,3.6,CA,1675161126
58,road town,18.4167,-64.6167,25.05000000000001,71,19,10.12,VG,1675161409
59,san carlos de bariloche,-41.1456,-71.3082,16.360000000000014,40,75,2.57,AR,1675161474
60,kodiak,57.79,-152.4072,3.730000000000018,93,100,3.6,US,1675161474
61,alyangula,-13.8483,136.4192,28.860000000000014,78,100,4.71,AU,1675161474
62,hithadhoo,-0.6,73.0833,27.140000000000043,78,64,7.08,MV,1675161475
63,zhigansk,66.7697,123.3711,-38.77999999999997,95,79,2.69,RU,1675161475
64,gifhorn,52.4833,10.55,6.3799999999999955,81,40,8.75,DE,1675161476
65,norman wells,65.282,-126.8329,-28.97999999999999,76,40,1.54,CA,1675161476
66,kapaa,22.0752,-159.319,20.610000000000014,94,20,2.57,US,1675161477
67,necochea,-38.5473,-58.7368,21.410000000000025,59,33,1.71,AR,1675161477
68,puerto ayora,-0.7393,-90.3518,24.189999999999998,92,63,0.78,EC,1675161478
69,nikolskoye,59.7035,30.7861,-0.060000000000002274,88,100,4.84,RU,1675161478
70,nome,64.5011,-165.4064,-3.9599999999999795,100,100,2.57,US,1675161478
71,half moon bay,37.4636,-122.4286,8.090000000000032,40,0,0.0,US,1675161479
72,bredasdorp,-34.5322,20.0403,27.890000000000043,43,10,6.12,ZA,1675161479
73,geraldton,-28.7667,114.6,25.230000000000018,69,20,7.72,AU,1675161480
74,pozo colorado,-23.4923,-58.7972,22.840000000000032,97,100,1.63,PY,1675161480
75,guadalupe y calvo,26.1,-106.9667,4.470000000000027,94,100,0.94,MX,1675161481
76,santa cruz cabralia,-16.2781,-39.0247,23.129999999999995,100,40,1.03,BR,1675161481
77,panaba,21.2833,-88.2667,20.30000000000001,96,2,2.96,MX,1675161482
78,lesogorsk,56.0458,99.5136,-19.649999999999977,100,91,1.28,RU,1675161482
79,mount gambier,-37.8333,140.7667,14.680000000000007,71,15,2.38,AU,1675161483
80,khatanga,71.9667,102.5,-42.599999999999966,100,60,2.07,RU,1675161483
81,fort nelson,58.8053,-122.7002,-12.229999999999961,92,100,2.57,CA,1675161483
82,barrow,71.2906,-156.7887,-20.98999999999998,77,0,10.29,US,1675161484
83,longyearbyen,78.2186,15.6401,-8.089999999999975,67,40,4.63,SJ,1675161484
84,port elizabeth,-33.918,25.5701,25.730000000000018,77,20,9.26,ZA,1675161189
85,hami,42.8,93.45,-2.259999999999991,26,100,1.36,CN,1675161485
86,sinazongwe,-17.2614,27.4618,27.980000000000018,62,67,4.08,ZM,1675161486
87,upernavik,72.7868,-56.1549,-14.779999999999973,92,100,3.51,GL,1675161486
88,salalah,17.0151,54.0924,25.05000000000001,57,20,3.6,OM,1675161487
89,carnarvon,-24.8667,113.6333,25.310000000000002,72,0,8.17,AU,1675161487
90,gallup,35.5281,-108.7426,-8.089999999999975,93,0,0.0,US,1675161487
91,narsaq,60.9167,-46.05,-5.8799999999999955,93,100,2.56,GL,1675161488
92,rio gallegos,-51.6226,-69.2181,10.03000000000003,40,0,5.14,AR,1675161488
93,fukuma,33.7667,130.4667,8.0,56,3,3.37,JP,1675161489
94,saint george,37.1041,-113.5841,-4.199999999999989,45,0,4.12,US,1675161489
95,adrar,20.5022,-10.0711,20.180000000000007,11,30,6.19,MR,1675161489
96,miri,4.4148,114.0089,28.08000000000004,69,40,2.06,MY,1675161344
97,hilo,19.7297,-155.09,24.600000000000023,94,20,3.09,US,1675161490
98,warrington,53.3925,-2.5802,9.939999999999998,79,40,9.77,GB,1675161475
99,ponta do sol,32.6667,-17.1,17.29000000000002,45,15,2.3,PT,1675161491
100,nanortalik,60.1432,-45.2371,-8.109999999999957,85,100,2.05,GL,1675161492
101,bowen,-20.0167,148.2333,26.99000000000001,77,95,4.43,AU,1675161492
102,atuona,-9.8,-139.0333,25.920000000000016,80,87,10.7,PF,1675161493
103,ajdabiya,30.7554,20.2263,16.260000000000048,41,90,7.31,LY,1675161493
104,angoche,-16.2325,39.9086,29.49000000000001,66,44,4.08,MZ,1675161494
105,port hedland,-20.3167,118.5667,32.03000000000003,70,7,6.69,AU,1675161494
106,pitimbu,-7.4706,-34.8086,26.33000000000004,64,90,5.59,BR,1675161495
107,sao joao da barra,-21.6403,-41.0511,25.05000000000001,82,64,5.86,BR,1675161495
108,sao filipe,14.8961,-24.4956,22.0,69,53,2.81,CV,1675161496
109,chokurdakh,70.6333,147.9167,-11.060000000000002,95,100,4.51,RU,1675161496
110,iralaya,15.0,-83.2333,24.220000000000027,85,38,5.03,HN,1675161497
111,arica,-18.475,-70.3042,22.129999999999995,73,0,1.03,CL,1675161497
112,lompoc,34.6391,-120.4579,8.230000000000018,76,0,5.36,US,1675161497
113,port lincoln,-34.7333,135.8667,16.82000000000005,73,3,4.85,AU,1675161320
114,sitka,57.0531,-135.33,2.9399999999999977,93,100,0.0,US,1675161498
115,massakory,12.996,15.7293,34.60000000000002,9,41,6.35,TD,1675161499
116,egvekinot,66.3167,-179.1667,-6.579999999999984,97,100,2.08,RU,1675161500
117,bluff,-46.6,168.3333,16.010000000000048,94,100,3.03,NZ,1675161500
118,qaqortoq,60.7167,-46.0333,-11.979999999999961,89,100,2.58,GL,1675161473
119,santa marta,11.2408,-74.199,23.120000000000005,73,9,5.96,CO,1675161501
120,kaitangata,-46.2817,169.8464,16.32000000000005,98,100,1.48,NZ,1675161501
121,ribeira grande,38.5167,-28.7,14.32000000000005,72,20,5.66,PT,1675161502
122,simbahan,6.3032,120.5836,25.05000000000001,83,100,3.3,PH,1675161503
123,bay roberts,47.5999,-53.2648,0.08000000000004093,97,100,0.98,CA,1675161503
124,east london,-33.0153,27.9116,24.52000000000004,73,0,7.72,ZA,1675161504
125,lhokseumawe,5.1801,97.1507,25.760000000000048,88,69,3.52,ID,1675161504
126,petropavlovsk-kamchatskiy,53.0452,158.6483,-10.669999999999959,62,40,4.0,RU,1675161504
127,porosozero,62.7191,32.727,-2.8100000000000023,93,100,4.7,RU,1675161505
128,puerto colombia,10.9878,-74.9547,23.05000000000001,81,13,7.89,CO,1675161506
129,tuatapere,-46.1333,167.6833,16.930000000000007,94,100,0.99,NZ,1675161506
130,bani,18.2833,-70.3333,22.700000000000045,73,68,4.58,DO,1675161506
131,sungaipenuh,-2.0833,101.3833,20.370000000000005,96,100,0.81,ID,1675161507
132,khuchni,41.9499,47.9485,3.1000000000000227,81,98,1.59,RU,1675161507
133,ashcroft,50.7165,-121.2859,-5.849999999999966,96,100,0.41,CA,1675161508
134,khandbari,27.3747,87.2039,23.25,34,0,2.49,NP,1675161508
135,faanui,-16.4833,-151.75,27.27000000000004,77,15,6.54,PF,1675161509
136,luderitz,-26.6481,15.1594,21.49000000000001,63,14,4.7,NA,1675161509
137,tortosa,40.8125,0.5216,15.140000000000043,40,1,4.31,ES,1675161510
138,pangnirtung,66.1451,-65.7125,-36.289999999999964,96,95,2.51,CA,1675161510
139,nelson bay,-32.7167,152.15,23.890000000000043,84,57,4.92,AU,1675161510
140,palmeirais,-5.9778,-43.0633,26.760000000000048,70,100,0.72,BR,1675161511
141,taltal,-25.4,-70.4833,18.700000000000045,80,10,0.4,CL,1675161511
142,lebu,-37.6167,-73.65,13.420000000000016,65,15,8.96,CL,1675161512
143,lahaina,20.8783,-156.6825,22.110000000000014,87,75,2.37,US,1675161512
144,olga,43.7444,135.2892,-11.019999999999982,88,100,1.72,RU,1675161513
145,fairbanks,64.8378,-147.7164,-7.0,86,100,2.57,US,1675161424
146,arraial do cabo,-22.9661,-42.0278,25.920000000000016,69,0,7.2,BR,1675161513
147,quatre cocos,-20.2078,57.7625,30.060000000000002,68,100,2.86,MU,1675161514
148,katsuura,35.1333,140.3,5.410000000000025,66,99,3.07,JP,1675161515
149,moose factory,51.2585,-80.6094,-29.99999999999997,69,0,4.63,CA,1675161515
150,provideniya,64.3833,-173.3,-6.949999999999989,89,88,1.14,RU,1675161516
151,fuerte olimpo,-21.0415,-57.8738,23.30000000000001,95,95,1.46,PY,1675161516
152,kavieng,-2.5744,150.7967,27.720000000000027,73,95,2.27,PG,1675161517
153,gamba,-2.65,10.0,28.74000000000001,64,78,1.71,GA,1675161518
154,ginir,7.1333,40.7,25.650000000000034,27,18,4.78,ET,1675161518
155,thaba nchu,-29.2093,26.839,28.74000000000001,31,5,6.61,ZA,1675161519
156,solnechnyy,50.7214,136.6319,-26.18999999999997,98,54,1.63,RU,1675161519
157,puerto maldonado,-12.6,-69.1833,21.450000000000045,97,100,0.99,PE,1675161519
158,yar-sale,66.8333,70.8333,-21.43999999999997,100,33,3.85,RU,1675161520
159,klaksvik,62.2266,-6.589,5.510000000000048,88,87,13.13,FO,1675161520
160,qaanaaq,77.484,-69.3632,-20.289999999999964,42,21,3.71,GL,1675161521
161,chicama,-7.8447,-79.1469,18.30000000000001,74,100,0.5,PE,1675161521
162,rumoi,43.9344,141.6428,-4.810000000000002,72,100,5.32,JP,1675161378
163,saint-pierre,-21.3393,55.4781,30.82000000000005,62,0,7.2,RE,1675161522
164,bolshoye selo,57.7177,38.9334,-0.9199999999999591,89,100,5.84,RU,1675161522
165,progreso,21.2833,-89.6667,21.170000000000016,93,9,3.44,MX,1675161524
166,vardo,70.3705,31.1107,-0.009999999999990905,93,100,3.09,NO,1675161524
167,san patricio,28.017,-97.5169,3.910000000000025,86,100,5.59,US,1675161525
168,tazmalt,36.3868,4.3989,10.520000000000039,61,4,1.33,DZ,1675161525
169,burhanpur,21.3,76.2333,29.730000000000018,29,0,4.24,IN,1675161526
170,lagoa,39.05,-27.9833,14.110000000000014,67,85,6.74,PT,1675161526
171,ostrovnoy,68.0531,39.5131,-3.169999999999959,95,100,4.67,RU,1675161527
172,parambu,-6.2111,-40.6944,25.30000000000001,68,37,2.66,BR,1675161527
173,tessalit,20.1986,1.0114,21.420000000000016,8,52,4.47,ML,1675161528
174,pevek,69.7008,170.3133,-13.919999999999959,94,62,2.23,RU,1675161528
175,kostomuksha,64.571,30.5767,-4.4599999999999795,93,100,4.63,RU,1675161528
176,lac du bonnet,50.2536,-96.0612,-28.399999999999977,100,72,1.95,CA,1675161529
177,hasaki,35.7333,140.8333,3.4500000000000455,46,97,2.43,JP,1675161278
178,oranjemund,-28.55,16.4333,22.160000000000025,60,0,4.92,NA,1675161529
179,shache,38.4167,77.2406,-0.5600000000000023,56,70,2.81,CN,1675161530
180,tiksi,71.6872,128.8694,-23.599999999999966,98,100,5.31,RU,1675161530
181,isangel,-19.55,169.2667,26.379999999999995,82,100,0.96,VU,1675161531
182,springdale,36.1867,-94.1288,-6.069999999999993,90,100,5.14,US,1675161531
183,honiara,-9.4333,159.95,25.970000000000027,78,99,1.19,SB,1675161531
184,indiaroba,-11.5192,-37.5117,27.150000000000034,73,20,2.16,BR,1675161532
185,cap malheureux,-19.9842,57.6142,26.930000000000007,83,99,0.89,MU,1675161532
186,gouyave,12.1646,-61.7296,22.430000000000007,83,20,1.03,GD,1675161533
187,kieta,-6.2167,155.6333,26.58000000000004,84,67,1.79,PG,1675161533
188,castro,-24.7911,-50.0119,18.910000000000025,95,99,3.28,BR,1675161534
189,nicoya,10.1483,-85.452,22.30000000000001,80,9,4.2,CR,1675161534
190,raudeberg,61.9875,5.1352,1.5900000000000318,68,100,7.58,NO,1675161535
191,torbay,47.6666,-52.7314,-0.339999999999975,96,100,3.09,CA,1675161535
192,kampot,10.6167,104.1833,28.03000000000003,57,61,1.21,KH,1675161535
193,puerto gaitan,4.3133,-72.0816,22.189999999999998,61,51,3.28,CO,1675161536
194,bubaque,11.2833,-15.8333,24.610000000000014,40,36,5.45,GW,1675161536
195,auki,-8.7676,160.7034,25.79000000000002,82,74,0.42,SB,1675161536
196,pisco,-13.7,-76.2167,22.03000000000003,88,97,1.54,PE,1675161537
197,kumluca,36.3703,30.2869,13.170000000000016,44,22,2.65,TR,1675161537
198,letlhakane,-21.4167,25.5833,30.660000000000025,38,96,3.84,BW,1675161537
199,yaan,7.3833,8.5667,34.170000000000016,37,53,3.15,NG,1675161538
200,great falls,47.5002,-111.3008,-7.5499999999999545,67,0,11.83,US,1675161538
201,harper,4.375,-7.7169,29.180000000000007,69,39,1.97,LR,1675161539
202,hulan,45.9833,126.6,-12.939999999999998,95,100,1.3,CN,1675161539
203,bathsheba,13.2167,-59.5167,23.340000000000032,73,20,4.63,BB,1675161540
204,dvinskoy,62.1535,45.1175,-1.8799999999999955,91,100,4.81,RU,1675161540
205,kempten,47.7267,10.3139,3.0400000000000205,73,29,3.33,DE,1675161540
206,havoysund,70.9963,24.6622,2.1299999999999955,66,74,7.96,NO,1675161541
207,kolondieba,11.0882,-6.8926,31.470000000000027,7,18,3.18,ML,1675161541
208,dongli,23.5656,116.8194,16.99000000000001,48,75,1.0,CN,1675161542
209,eureka,40.8021,-124.1637,4.760000000000048,91,10,2.48,US,1675161435
210,tazovskiy,67.4667,78.7,-26.589999999999975,100,68,2.67,RU,1675161543
211,pandan,14.0453,124.1694,24.850000000000023,87,74,7.41,PH,1675161543
212,hambantota,6.1241,81.1185,28.189999999999998,89,75,1.54,LK,1675161544
213,paamiut,61.994,-49.6678,-10.629999999999995,84,100,4.12,GL,1675161544
214,southwick,42.0548,-72.7704,1.2300000000000182,76,100,5.14,US,1675161545
215,alta floresta,-9.8756,-56.0861,21.350000000000023,96,85,0.69,BR,1675161545
216,mayya,61.7333,130.2811,-46.37999999999997,100,93,1.68,RU,1675161546
217,hualmay,-11.0964,-77.6139,21.230000000000018,85,100,1.3,PE,1675161546
218,mimongo,-1.6195,11.6068,31.230000000000018,48,48,0.41,GA,1675161546
219,neiafu,-18.65,-173.9833,27.920000000000016,75,100,4.6,TO,1675161547
220,inuvik,68.3499,-133.7218,-30.43999999999997,69,20,1.54,CA,1675161547
221,morondava,-20.2833,44.2833,29.260000000000048,72,63,3.6,MG,1675161548
222,staunton,38.1496,-79.0717,11.890000000000043,79,0,4.12,US,1675161548
223,billings,45.7833,-108.5007,-13.129999999999995,54,0,7.72,US,1675161548
224,sibu,2.3,111.8167,28.170000000000016,78,40,1.03,MY,1675161428
225,amahai,-3.3333,128.9167,26.99000000000001,79,87,1.56,ID,1675161549
226,glenwood springs,39.5505,-107.3248,-10.329999999999984,74,100,3.09,US,1675161550
227,la ronge,55.1001,-105.2842,-28.859999999999985,76,0,2.06,CA,1675161551
228,guangyuan,32.442,105.823,13.770000000000039,38,0,0.53,CN,1675161551
229,vila franca do campo,37.7167,-25.4333,13.230000000000018,68,100,4.53,PT,1675161552
230,cartagena,10.3997,-75.5144,21.79000000000002,88,0,1.54,CO,1675161479
231,senneterre,48.3835,-77.2328,-34.19999999999999,100,93,1.82,CA,1675161552
232,tevaitoa,-16.7833,-151.5,27.120000000000005,78,13,6.73,PF,1675161553
233,mackay,-21.15,149.2,26.49000000000001,81,77,5.57,AU,1675161553
234,ahipara,-35.1667,173.1667,19.610000000000014,96,73,3.57,NZ,1675161555
235,viesca,25.35,-102.8,14.730000000000018,60,8,1.11,MX,1675161556
236,treuchtlingen,48.95,10.9167,3.7800000000000296,83,98,5.53,DE,1675161556
237,henties bay,-22.116,14.2845,19.78000000000003,73,34,4.31,NA,1675161557
238,marang,5.2056,103.2059,27.760000000000048,85,100,3.8,MY,1675161557
239,masty,53.4122,24.5387,2.0500000000000114,91,74,6.97,BY,1675161557
240,kuhdasht,33.535,47.6061,4.3799999999999955,97,100,5.96,IR,1675161558
241,seoul,37.5683,126.9778,5.78000000000003,70,75,4.12,KR,1675161388
242,la mira,18.035,-102.3266,21.08000000000004,89,37,2.04,MX,1675161559
243,bireun,5.203,96.7009,25.560000000000002,89,93,3.0,ID,1675161559
244,sorland,67.667,12.6934,2.920000000000016,68,77,10.25,NO,1675161559
245,planaltina,-15.4528,-47.6142,20.430000000000007,86,21,1.15,BR,1675161560
246,traverse city,44.7631,-85.6206,-10.889999999999986,79,100,2.57,US,1675161560
247,aripuana,-9.1667,-60.6333,21.230000000000018,99,100,1.84,BR,1675161561
248,yabelo,4.8833,38.0833,24.600000000000023,31,60,5.84,ET,1675161561
249,cabo san lucas,22.8909,-109.9124,20.840000000000032,78,100,5.07,MX,1675161561
250,turka,49.1541,23.0297,-0.38999999999998636,88,100,4.29,UA,1675161562
251,georgetown,5.4112,100.3354,30.970000000000027,64,20,1.54,MY,1675161437
252,grave,51.759,5.7388,6.760000000000048,87,100,8.23,NL,1675161563
253,pryozerne,45.2698,36.3303,4.28000000000003,66,99,1.43,UA,1675161563
254,komsomolskiy,40.4272,71.7189,7.400000000000034,39,99,0.0,UZ,1675161564
255,pailon,-17.65,-62.75,23.82000000000005,89,100,4.01,BO,1675161565
256,borba,-4.3878,-59.5939,21.720000000000027,100,100,1.03,BR,1675161565
257,rolla,37.9514,-91.7713,-8.810000000000002,70,100,4.12,US,1675161566
258,port-cartier,50.0334,-66.8654,-19.17999999999998,95,98,2.93,CA,1675161566
259,nizhniy kuranakh,58.8353,125.4869,-22.279999999999973,96,100,3.0,RU,1675161567
260,waingapu,-9.6567,120.2641,27.680000000000007,79,100,2.28,ID,1675161567
261,iqaluit,63.7506,-68.5145,-31.149999999999977,69,75,5.14,CA,1675161567
262,inverell,-29.7833,151.1167,19.53000000000003,89,37,2.68,AU,1675161568
263,cockburn town,21.4612,-71.1419,25.100000000000023,72,43,9.27,TC,1675161568
264,bethel,41.3712,-73.414,2.1899999999999977,82,100,5.14,US,1675161495
265,juba,4.8517,31.5825,37.81,18,78,2.82,SS,1675161569
266,hadejia,12.4498,10.0444,33.29000000000002,8,7,5.0,NG,1675161569
267,dingle,10.9995,122.6711,24.260000000000048,90,93,4.42,PH,1675161570
268,villarrica,-25.75,-56.4333,23.05000000000001,92,90,0.62,PY,1675161570
269,artyom,40.4723,50.333,10.080000000000041,81,100,4.3,AZ,1675161571
270,cidreira,-30.1811,-50.2056,24.05000000000001,74,7,1.93,BR,1675161571
271,bandarbeyla,9.4942,50.8122,25.230000000000018,61,50,7.27,SO,1675161572
272,kibre mengist,5.8833,38.9833,29.910000000000025,21,11,2.57,ET,1675161573
273,udachnyy,66.4167,112.4,-41.559999999999974,100,66,1.91,RU,1675161573
274,kavaratti,10.5669,72.642,26.80000000000001,72,55,7.15,IN,1675161573
275,edd,13.9297,41.6925,31.590000000000032,40,2,8.09,ER,1675161574
276,mahebourg,-20.4081,57.7,30.160000000000025,74,75,3.09,MU,1675161574
277,sibolga,1.7427,98.7792,26.32000000000005,89,100,0.91,ID,1675161575
278,farafangana,-22.8167,47.8333,26.160000000000025,85,73,5.4,MG,1675161575
279,atar,20.5169,-13.0499,22.600000000000023,18,86,2.63,MR,1675161576
280,abu samrah,35.3029,37.1841,10.57000000000005,73,96,5.99,SY,1675161576
281,sinop,41.7711,34.8709,1.240000000000009,98,100,2.44,TR,1675161577
282,laguna de perlas,12.3429,-83.6712,23.660000000000025,88,63,3.33,NI,1675161577
283,biak,-0.9131,122.8766,25.660000000000025,82,99,1.64,ID,1675161578
284,hamilton,39.1834,-84.5333,-4.039999999999964,88,100,5.66,US,1675161320
285,vanimo,-2.6741,141.3028,25.950000000000045,88,100,1.48,PG,1675161578
286,baihar,22.1,80.55,28.78000000000003,23,2,3.16,IN,1675161579
287,flinders,-34.5833,150.8552,21.879999999999995,79,5,4.62,AU,1675161579
288,ancud,-41.8697,-73.8203,8.75,67,0,1.75,CL,1675161579
289,kunszentmarton,46.8392,20.2888,7.439999999999998,59,10,8.26,HU,1675161580
290,sabha,27.0377,14.4283,14.490000000000009,22,0,3.43,LY,1675161581
291,luanda,-8.8368,13.2343,30.0,66,75,1.54,AO,1675161472
292,durban,-29.8579,31.0292,27.510000000000048,78,56,6.79,ZA,1675161581
293,gladstone,-23.85,151.25,27.960000000000036,69,100,5.14,AU,1675161480
294,ambilobe,-13.2,49.05,29.57000000000005,75,48,2.59,MG,1675161582
295,amapa,1.0,-52.0,22.170000000000016,98,95,0.54,BR,1675161582
296,yurty,56.0498,97.6348,-17.50999999999999,99,84,1.34,RU,1675161583
297,benjamin hill,30.1667,-111.1,7.150000000000034,63,0,1.6,MX,1675161584
298,coihaique,-45.5752,-72.0662,1.9700000000000273,93,0,1.54,CL,1675161584
299,sebinkarahisar,40.2883,38.4236,3.3000000000000114,47,41,0.71,TR,1675161584
300,jinchang,38.4953,102.1739,-2.42999999999995,26,11,1.51,CN,1675161585
301,avenal,36.0041,-120.129,-2.1299999999999955,65,0,1.03,US,1675161585
302,zeya,53.75,127.2667,-28.99999999999997,100,70,1.52,RU,1675161585
303,aykhal,66.0,111.5,-36.829999999999984,100,62,2.41,RU,1675161586
304,vostok,46.4856,135.8833,-23.519999999999982,98,91,2.26,RU,1675161587
305,bethanien,-26.502,17.1583,33.120000000000005,12,0,1.37,NA,1675161587
306,aktau,43.65,51.2,5.32000000000005,41,8,4.95,KZ,1675161588
307,chilliwack,49.1747,-121.9443,-0.7099999999999795,78,100,0.89,CA,1675161588
308,leningradskiy,69.3833,178.4167,-13.739999999999952,95,100,3.4,RU,1675161588
309,ossora,59.2353,163.0719,-5.089999999999975,96,100,2.43,RU,1675161589
310,port macquarie,-31.4333,152.9167,22.160000000000025,85,42,4.33,AU,1675161518
311,promyshlennyy,67.5833,63.9167,-11.909999999999968,86,99,3.71,RU,1675161589
312,saint-leu,-21.15,55.2833,30.480000000000018,78,76,4.46,RE,1675161590
313,lorengau,-2.0226,147.2712,27.450000000000045,75,100,1.6,PG,1675161590
314,altay,47.8667,88.1167,-13.019999999999982,65,6,2.92,CN,1675161591
315,esperance,-33.8667,121.9,18.310000000000002,81,56,8.87,AU,1675161591
316,thinadhoo,0.5333,72.9333,27.439999999999998,74,58,4.19,MV,1675161568
317,kirakira,-10.4544,161.9205,26.640000000000043,82,99,1.69,SB,1675161592
318,hanna,51.6334,-111.9018,-9.669999999999959,92,100,1.84,CA,1675161592
319,turki,51.987,43.2731,0.4300000000000068,99,100,3.46,RU,1675161593
320,santa cruz,-17.8,-63.1667,23.03000000000003,94,75,6.69,BO,1675161593
321,gornopravdinsk,60.05,69.9,-8.109999999999957,94,94,2.91,RU,1675161594
322,ler,8.3018,30.1418,39.950000000000045,7,4,2.54,SS,1675161594
323,nenagh,52.8619,-8.1967,7.740000000000009,77,95,5.76,IE,1675161595
324,manyana,-23.4,21.7167,30.189999999999998,35,40,6.49,BW,1675161595
325,grindavik,63.8424,-22.4338,0.9700000000000273,69,100,10.29,IS,1675161596
326,kassala,15.451,36.4,34.51000000000005,13,7,4.17,SD,1675161596
327,goure,13.9835,10.2704,31.77000000000004,7,48,5.01,NE,1675161596
328,talnakh,69.4865,88.3972,-15.439999999999998,95,100,5.25,RU,1675161597
329,the valley,18.217,-63.0578,24.5,74,6,8.99,AI,1675161526
330,lufilufi,-13.8745,-171.5986,23.879999999999995,73,99,4.0,WS,1675161598
331,ahuimanu,21.4447,-157.8378,22.840000000000032,89,20,0.45,US,1675161598
332,finnsnes,69.2296,17.9811,-7.909999999999968,97,98,2.68,NO,1675161598
333,nizhniy ufaley,55.9153,59.9842,-4.139999999999986,82,97,5.0,RU,1675161599
334,kidal,18.4411,1.4078,24.560000000000002,6,71,4.38,ML,1675161440
335,sulechow,52.0836,15.6251,4.840000000000032,67,75,6.69,PL,1675161600
336,ewa beach,21.3156,-158.0072,22.970000000000027,85,100,2.06,US,1675161601
337,souillac,-20.5167,57.5167,30.210000000000036,74,75,3.09,MU,1675161601
338,konevo,62.1215,39.3192,-0.46999999999997044,93,100,6.76,RU,1675161601
339,karata,42.5949,46.3393,3.0400000000000205,41,71,0.39,RU,1675161602
340,touros,-5.1989,-35.4608,28.30000000000001,64,100,6.93,BR,1675161602
341,nortelandia,-14.4547,-56.8028,22.79000000000002,91,100,1.3,BR,1675161603
342,coquimbo,-29.9533,-71.3436,17.850000000000023,88,100,1.54,CL,1675161603
343,belyy yar,53.6039,91.3903,-8.060000000000002,76,0,2.0,RU,1675161604
344,sola,-13.8833,167.55,26.900000000000034,72,100,2.45,VU,1675161604
345,robe,-37.1833,139.75,17.25,65,33,5.4,AU,1675161605
346,jibuti,11.5,42.5,25.08000000000004,43,3,9.33,DJ,1675161605
347,manicore,-5.8092,-61.3003,22.08000000000004,99,100,1.81,BR,1675161605
348,salo,45.6086,10.531,9.970000000000027,39,0,0.3,IT,1675161606
349,okhotsk,59.3833,143.3,-17.769999999999982,96,100,4.94,RU,1675161606
350,poum,-20.2333,164.0167,25.920000000000016,75,1,4.19,NC,1675161607
351,kailua,21.4022,-157.7394,22.99000000000001,89,20,0.45,US,1675161607
352,takoradi,4.8845,-1.7554,29.900000000000034,64,100,1.27,GH,1675161608
353,loralai,30.3705,68.598,12.740000000000009,24,70,3.24,PK,1675161608
354,tuim,54.3417,89.9261,-13.669999999999959,95,54,1.49,RU,1675161608
355,haines junction,60.7522,-137.5108,-5.839999999999975,97,100,0.4,CA,1675161609
356,tezu,27.9167,96.1667,22.879999999999995,27,21,1.32,IN,1675161609
357,podgorica,42.4411,19.2636,10.720000000000027,29,0,7.2,ME,1675161461
358,prado,-17.3411,-39.2208,24.77000000000004,84,26,0.93,BR,1675161610
359,punta,8.9897,125.34,24.700000000000045,92,93,2.82,PH,1675161610
360,beroroha,-21.6667,45.1667,33.27000000000004,52,93,1.59,MG,1675161611
361,mbanza-ngungu,-5.25,14.8667,26.82000000000005,66,96,1.82,CD,1675161611
362,severo-yeniseyskiy,60.3725,93.0408,-13.409999999999968,96,100,1.95,RU,1675161611
363,shelburne,44.0787,-80.2041,-10.75,87,49,3.59,CA,1675161612
364,elko,41.0002,-115.5012,-22.18999999999997,80,65,1.38,US,1675161612
365,san juan del sur,11.2529,-85.8705,23.78000000000003,86,42,10.56,NI,1675161613
366,sobolevo,54.4299,31.8996,0.17000000000001592,98,100,6.13,RU,1675161614
367,taguatinga,-12.3857,-46.5711,24.0,68,5,2.02,BR,1675161614
368,teya,60.3778,92.6267,-11.689999999999998,95,100,2.33,RU,1675161615
369,maniitsoq,65.4167,-52.9,-13.310000000000002,88,100,7.46,GL,1675161615
370,bambous virieux,-20.3428,57.7575,30.140000000000043,74,75,3.09,MU,1675161615
371,turayf,31.6725,38.6637,11.140000000000043,40,75,13.89,SA,1675161616
372,krasnoarmeysk,51.0239,45.6969,-1.1399999999999864,91,100,5.01,RU,1675161616
373,otjimbingwe,-22.35,16.1333,30.760000000000048,31,53,1.54,NA,1675161617
374,lasa,46.6166,10.7002,6.1200000000000045,47,10,3.1,IT,1675161617
375,pontes e lacerda,-15.2261,-59.3353,21.910000000000025,96,40,1.38,BR,1675161617
376,plesetsk,62.708,40.2916,-0.8899999999999864,93,100,6.83,RU,1675161618
377,mollendo,-17.0231,-72.0147,22.28000000000003,94,100,2.57,PE,1675161618
378,perez,-32.9983,-60.7679,24.33000000000004,71,0,2.57,AR,1675161619
379,bonavista,48.6499,-53.1147,-2.42999999999995,79,100,3.13,CA,1675161619
380,santa luzia,-19.7697,-43.8514,23.08000000000004,83,20,2.06,BR,1675161620
381,dwarka,22.2394,68.9678,25.210000000000036,32,0,6.3,IN,1675161620
382,avera,33.194,-82.5271,12.430000000000007,97,99,1.6,US,1675161620
383,luganville,-15.5333,167.1667,25.360000000000014,86,100,2.06,VU,1675161621
384,rumphi,-11.0186,33.8575,27.560000000000002,53,10,3.05,MW,1675161622
385,gat,31.61,34.7642,11.379999999999995,100,92,8.23,IL,1675161521
386,srednekolymsk,67.45,153.6833,-22.539999999999964,96,100,5.95,RU,1675161623
387,ferrol,43.4832,-8.2369,11.260000000000048,77,6,3.11,ES,1675161480
388,port-gentil,-0.7193,8.7815,26.980000000000018,74,20,2.57,GA,1675161623
389,sistranda,63.7256,8.834,-0.01999999999998181,72,100,2.33,NO,1675161624
390,yulara,-25.2406,130.9889,30.360000000000014,24,99,8.53,AU,1675161625
391,port moresby,-9.4431,147.1797,26.420000000000016,85,100,1.67,PG,1675161625
392,novobiryusinskiy,56.9578,97.7076,-16.349999999999966,100,100,1.49,RU,1675161626
393,batsfjord,70.6345,29.7185,-4.039999999999964,93,100,0.51,NO,1675161626
394,kaeo,-35.1,173.7833,22.400000000000034,93,95,2.81,NZ,1675161627
395,claveria,18.6074,121.0832,21.57000000000005,80,31,6.9,PH,1675161627
396,manado,1.487,124.8455,26.430000000000007,89,20,1.03,ID,1675161606
397,asau,46.4333,26.4,0.7100000000000364,77,96,1.44,RO,1675161628
398,beloha,-25.1667,45.05,26.870000000000005,52,89,6.8,MG,1675161628
399,nhulunbuy,-12.2333,136.7667,29.340000000000032,79,100,3.6,AU,1675161629
400,kyren,51.6828,102.1408,-17.97999999999999,84,26,1.24,RU,1675161629
401,caravelas,-17.7125,-39.2481,25.090000000000032,82,35,0.28,BR,1675161629
402,esfarayen,37.0765,57.5101,7.810000000000002,86,100,4.96,IR,1675161630
403,saint anthony,45.0205,-93.218,-22.039999999999964,78,0,4.12,US,1675161630
404,masallatah,32.6167,14.0,12.5,64,77,8.9,LY,1675161631
405,ketchikan,55.3422,-131.6461,3.990000000000009,100,100,3.09,US,1675161631
406,bentiu,9.2333,29.8333,39.73000000000002,7,1,3.17,SS,1675161632
407,killybegs,54.6333,-8.45,7.840000000000032,70,100,10.97,IE,1675161632
408,keti bandar,24.1447,67.4497,25.980000000000018,22,0,6.3,PK,1675161632
409,dingli,35.8614,14.3822,14.090000000000032,58,20,11.83,MT,1675161633
410,atambua,-9.1061,124.8925,23.689999999999998,93,100,1.69,ID,1675161633
411,victor harbor,-35.5667,138.6167,17.78000000000003,69,2,4.01,AU,1675161634
412,oistins,13.0667,-59.5333,23.05000000000001,73,20,4.63,BB,1675161634
413,saint-augustin,51.226,-58.6502,-13.269999999999982,97,99,0.91,CA,1675161635
414,college,64.8569,-147.8028,-7.009999999999991,86,100,2.57,US,1675161635
415,sarangani,5.4033,125.4636,27.700000000000045,82,83,9.12,PH,1675161635
416,innisfail,-17.5333,146.0333,25.53000000000003,91,100,1.87,AU,1675161636
417,isernia,41.6002,14.2382,8.120000000000005,53,7,4.03,IT,1675161483
418,lubango,-14.9172,13.4925,17.110000000000014,85,100,1.14,AO,1675161533
419,baie-comeau,49.2168,-68.1489,-16.17999999999995,85,100,2.57,CA,1675161637
420,bixby,35.942,-95.8833,-4.789999999999964,66,100,5.14,US,1675161638
421,falakata,26.5208,89.2055,27.74000000000001,31,67,3.17,IN,1675161638
422,thompson,55.7435,-97.8558,-31.909999999999968,75,0,1.54,CA,1675161639
423,luba,3.4568,8.5547,29.939999999999998,81,96,3.57,GQ,1675161639
424,isla mujeres,21.2311,-86.731,24.03000000000003,76,0,4.61,MX,1675161639
425,llangefni,53.2556,-4.3106,10.360000000000014,71,20,8.75,GB,1675161640
426,jiuquan,39.7432,98.5174,-4.92999999999995,37,59,2.36,CN,1675161641
427,linjiang,41.8069,126.9078,-6.989999999999952,98,98,1.07,CN,1675161641
428,mishelevka,52.8575,103.1719,-19.94999999999999,99,7,0.67,RU,1675161641
429,prince albert,53.2001,-105.7677,-29.029999999999973,76,100,1.03,CA,1675161642
430,piraquara,-25.4417,-49.0633,22.390000000000043,85,75,3.6,BR,1675161642
431,panjab,34.388,67.0233,-4.099999999999966,89,100,1.41,AF,1675161643
432,kropotkin,45.4375,40.5756,7.960000000000036,58,94,1.46,RU,1675161643
433,kalmunai,7.4167,81.8167,23.980000000000018,93,100,8.41,LK,1675161643
434,rundu,-17.9333,19.7667,29.510000000000048,44,100,4.62,NA,1675161625
435,anadyr,64.75,177.4833,-2.7199999999999704,92,20,12.0,RU,1675161644
436,willowmore,-33.2926,23.4895,26.58000000000004,35,1,1.38,ZA,1675161644
437,yerbogachen,61.2767,108.0108,-29.569999999999965,100,64,1.61,RU,1675161645
438,novyy yarychiv,49.9044,24.3052,1.7200000000000273,81,100,6.99,UA,1675161645
439,kota,25.1833,75.8333,23.30000000000001,34,0,3.83,IN,1675161539
440,manakara,-22.1333,48.0167,26.590000000000032,85,98,3.78,MG,1675161646
441,maun,-19.9833,23.4167,30.980000000000018,48,20,4.63,BW,1675161647
442,hay river,60.8156,-115.7999,-26.00999999999999,76,75,1.03,CA,1675161647
443,christchurch,-43.5333,172.6333,19.390000000000043,88,100,6.69,NZ,1675161526
444,khawhai,23.3667,93.1167,17.890000000000043,30,6,1.19,IN,1675161648
445,tanda,26.55,82.65,24.80000000000001,46,3,5.92,IN,1675161650
446,mitsamiouli,-11.3847,43.2844,28.010000000000048,74,7,2.67,KM,1675161651
447,barra do garcas,-15.89,-52.2567,23.120000000000005,93,100,0.18,BR,1675161651
448,nago,26.5881,127.9761,13.240000000000009,62,0,2.76,JP,1675161652
449,rocha,-34.4833,-54.3333,22.900000000000034,83,2,2.7,UY,1675161652
450,marienburg,54.0359,19.0266,5.470000000000027,76,57,6.92,PL,1675161653
451,buenavista,8.9769,125.4089,24.310000000000002,93,90,2.51,PH,1675161653
452,clyde river,70.4692,-68.5914,-27.869999999999976,76,100,4.12,CA,1675161654
453,port hardy,50.6996,-127.4199,3.1000000000000227,81,100,6.69,CA,1675161655
454,atlantic city,39.3643,-74.4229,6.680000000000007,94,100,3.13,US,1675161655
455,abashiri,44.0213,144.2697,-7.25,79,20,2.06,JP,1675161650
456,manono,-7.3,27.4167,29.610000000000014,59,53,1.71,CD,1675161656
457,valleyview,55.0667,-117.2859,-9.979999999999961,85,100,2.57,CA,1675161657
458,oliveira dos brejinhos,-12.3169,-42.8961,23.120000000000005,67,5,2.53,BR,1675161657
459,rawatsar,29.2833,74.3833,20.879999999999995,33,0,6.09,IN,1675161657
460,torres,-29.3353,-49.7269,25.460000000000036,76,15,1.13,BR,1675161658
461,kalabo,-14.97,22.6814,22.78000000000003,77,100,4.15,ZM,1675161658
462,roros,62.5747,11.3842,-7.089999999999975,79,0,2.06,NO,1675161659
463,carballo,43.213,-8.691,9.950000000000045,78,4,1.99,ES,1675161659
464,samarai,-10.6167,150.6667,28.29000000000002,79,78,2.56,PG,1675161661
465,obo,5.3998,26.4869,39.59000000000003,10,0,1.62,CF,1675161661
466,micomeseng,2.1462,10.6164,30.49000000000001,49,60,1.37,GQ,1675161661
467,presidencia roque saenz pena,-26.7852,-60.4388,24.420000000000016,79,2,1.27,AR,1675161662
468,nishihara,26.1842,127.7558,16.600000000000023,60,20,2.06,JP,1675161662
469,mount pleasant,32.7941,-79.8626,14.490000000000009,99,100,0.0,US,1675161663
470,calama,-22.4667,-68.9333,13.270000000000039,76,40,2.57,CL,1675161663
471,chateau-gontier,47.8333,-0.7,6.640000000000043,84,82,2.6,FR,1675161663
472,tairua,-37.0167,175.85,19.700000000000045,97,100,10.02,NZ,1675161664
473,nava,28.4167,-100.7667,6.2000000000000455,81,100,2.67,MX,1675161664
474,nanakuli,21.3906,-158.1547,22.970000000000027,80,100,2.06,US,1675161665
475,zaozerne,45.1582,33.2787,4.660000000000025,77,100,5.32,UA,1675161665
476,gamboma,-1.8764,15.8644,33.32000000000005,37,9,2.09,CG,1675161666
477,sinj,43.7036,16.6394,8.939999999999998,45,3,5.83,HR,1675161667
478,kurilsk,45.2333,147.8833,-5.779999999999973,63,95,6.86,RU,1675161667
479,pimentel,-6.8367,-79.9342,20.160000000000025,88,40,2.06,PE,1675161668
480,port shepstone,-30.7414,30.455,24.760000000000048,80,75,4.61,ZA,1675161575
481,verkhoyansk,67.5447,133.385,-29.849999999999966,99,100,1.57,RU,1675161619
482,boddam,57.4667,-1.7833,5.210000000000036,65,27,13.45,GB,1675161669
483,pakxan,18.3778,103.6601,23.25,33,0,1.51,LA,1675161669
484,buraydah,26.326,43.975,26.25,34,2,10.37,SA,1675161526
485,dukat,62.55,155.55,-28.339999999999975,97,99,1.66,RU,1675161670
486,la rioja,42.25,-2.5,2.8799999999999955,72,10,2.75,ES,1675161670
487,fukue,32.6881,128.8419,6.2000000000000455,81,40,0.51,JP,1675161671
488,pacific grove,36.6177,-121.9166,7.03000000000003,55,0,5.14,US,1675161672
489,katobu,-4.9408,122.5276,25.27000000000004,87,98,0.28,ID,1675161672
490,porto belo,-27.1578,-48.5531,26.200000000000045,87,94,1.75,BR,1675161672
491,kudahuvadhoo,2.6708,72.8944,26.950000000000045,72,92,4.57,MV,1675161673
492,kalikapur,22.6167,86.2833,29.939999999999998,19,45,1.67,IN,1675161673
493,santa rita,-7.1139,-34.9781,26.370000000000005,78,20,1.54,BR,1675161674
494,guane,22.2025,-84.0875,19.650000000000034,95,1,3.27,CU,1675161674
495,miquelon,47.0975,-56.3814,-1.0,71,100,4.7,PM,1675161674
496,verkhnyaya inta,65.9811,60.3094,-8.870000000000005,82,99,4.53,RU,1675161675
497,xinzhou,38.4092,112.7333,1.1400000000000432,23,48,3.4,CN,1675161675
498,grand-santi,4.25,-54.3833,21.730000000000018,99,89,0.58,GF,1675161676
499,baculin,7.4525,126.5842,25.53000000000003,88,58,1.63,PH,1675161676
500,cabedelo,-6.9811,-34.8339,26.370000000000005,64,94,5.97,BR,1675161676
501,hibbing,47.4272,-92.9377,-22.319999999999965,69,0,1.54,US,1675161677
502,kruisfontein,-34.0033,24.7314,28.27000000000004,46,5,8.02,ZA,1675161678
503,bilibino,68.0546,166.4372,-16.42999999999995,95,50,3.34,RU,1675161678
504,samur,41.8253,48.486,5.410000000000025,93,100,0.59,RU,1675161679
505,yerkoy,39.6381,34.4672,2.3000000000000114,87,97,2.85,TR,1675161679
506,tha mai,12.6214,102.0048,33.58000000000004,54,56,2.86,TH,1675161679
507,kenai,60.5544,-151.2583,0.05000000000001137,95,100,2.57,US,1675161680
508,parfenyevo,58.484,43.4088,-2.769999999999982,92,100,5.66,RU,1675161680
509,rincon,32.296,-81.2354,15.980000000000018,93,100,0.0,US,1675161680
510,san cristobal,7.7669,-72.225,18.100000000000023,91,48,1.23,VE,1675161572
511,brewster,41.3973,-73.6171,1.82000000000005,89,100,5.14,US,1675161642
512,baykit,61.67,96.37,-21.74999999999997,100,100,0.66,RU,1675161682
513,ardalstangen,61.2371,7.6983,-0.7299999999999613,94,100,1.87,NO,1675161682
514,sarkand,45.41,79.9186,-2.2199999999999704,86,94,1.06,KZ,1675161683
515,lingdong,46.5669,131.1453,-17.70999999999998,93,100,1.77,CN,1675161683
516,koslan,63.4564,48.8989,-3.4799999999999613,94,100,5.36,RU,1675161684
517,aberdeen,57.1437,-2.0981,5.670000000000016,68,12,9.26,GB,1675161684
518,arinos,-15.9169,-46.1056,22.980000000000018,81,25,0.93,BR,1675161684
519,meyrin,46.2342,6.0803,6.090000000000032,69,20,1.03,CH,1675161618
520,saquena,-4.6667,-73.5167,22.28000000000003,91,100,1.08,PE,1675161685
521,amarpur,25.0333,86.9,27.27000000000004,33,76,5.03,IN,1675161685
522,faya,18.3851,42.4509,22.060000000000002,36,42,4.77,SA,1675161686
523,severnoye,56.3491,78.3619,-15.96999999999997,97,96,2.34,RU,1675161686
524,zemio,5.0314,25.1361,39.18000000000001,13,2,1.31,CF,1675161687
525,damara,4.9608,18.7035,39.170000000000016,21,0,1.43,CF,1675161687
526,emba,48.8264,58.1442,-8.769999999999982,81,7,2.49,KZ,1675161687
527,cuauhtemoc,28.4167,-106.8667,7.060000000000002,50,96,12.65,MX,1675161688
528,dariba,24.95,74.1333,22.060000000000002,29,0,3.94,IN,1675161688
529,keta,5.9179,0.9879,31.120000000000005,67,98,3.3,GH,1675161689
530,diamantina,-18.2494,-43.6003,18.55000000000001,84,68,2.42,BR,1675161689
531,burnie,-41.0667,145.9167,17.75,62,0,5.49,AU,1675161689
532,carutapera,-1.195,-46.02,24.78000000000003,93,100,1.99,BR,1675161690
533,labuan,5.2767,115.2417,28.200000000000045,83,40,0.0,MY,1675161691
534,constantine,36.365,6.6147,5.670000000000016,81,75,1.54,DZ,1675161601
535,el angel,0.6167,-77.9333,6.360000000000014,90,99,0.46,EC,1675161691
536,san policarpo,12.1791,125.5072,26.04000000000002,87,80,7.48,PH,1675161692
537,naze,28.3667,129.4833,10.510000000000048,57,0,1.58,JP,1675161533
538,te anau,-45.4167,167.7167,16.57000000000005,91,100,0.85,NZ,1675161692
539,krutinka,56.0055,71.5113,-12.129999999999995,93,94,3.38,RU,1675161693
540,comodoro rivadavia,-45.8667,-67.5,14.920000000000016,51,0,5.66,AR,1675161568
541,tilichiki,60.4667,166.1,-18.039999999999964,99,81,2.25,RU,1675161693
542,arvika,59.6553,12.5852,0.34000000000003183,64,98,2.99,SE,1675161694
543,nantucket,41.2835,-70.0995,6.080000000000041,93,100,3.6,US,1675161694
544,russell,32.3502,-85.1999,14.57000000000005,100,100,0.0,US,1675161671
545,teguldet,57.3064,88.1667,-11.019999999999982,97,100,1.77,RU,1675161695
546,galesong,-5.3166,119.3661,26.010000000000048,84,100,1.74,ID,1675161695
547,ust-maya,60.4167,134.5333,-36.66999999999999,97,100,1.03,RU,1675161696
548,bure,10.7,37.0667,28.390000000000043,18,11,2.64,ET,1675161696
549,bhan,26.5583,67.7214,23.939999999999998,20,0,2.17,PK,1675161697
550,san rafael,-34.6177,-68.3301,22.660000000000025,48,44,7.86,AR,1675161670
551,manokwari,-0.8667,134.0833,26.460000000000036,80,87,1.74,ID,1675161697
552,san quintin,30.4833,-115.95,10.850000000000023,77,43,1.29,MX,1675161699
553,vila velha,-20.3297,-40.2925,23.860000000000014,87,40,1.54,BR,1675161699
554,piney green,34.716,-77.3202,12.79000000000002,100,100,2.06,US,1675161699
555,marsh harbour,26.5412,-77.0636,23.430000000000007,74,5,4.43,BS,1675161701
556,salta,-24.7859,-65.4117,19.33000000000004,94,100,1.03,AR,1675161701
557,vyritsa,59.4078,30.3481,-0.2699999999999818,86,99,4.9,RU,1675161648
